Item Name,Qty,Price (total) (GBP),Item link,Notes
NT3H2111W0FHKH,1,$0.62,https://jlcpcb.com/partdetail/NxpSemicon-NT3H2111W0FHKH/C710403,
0603WAF470JT5E,1,$0.01,https://jlcpcb.com/partdetail/23909-0603WAF470JT5E/C23182,
KT-0805Y,1,$0.02,https://jlcpcb.com/partdetail/Hubei_KentoElec-17_21SUYCTR8/C2296,
CL10B224KA8NNNC,1,$0.01,https://jlcpcb.com/partdetail/21832-CL10B224KA8NNNC/C21120,
,,,,
PCB,5,$19.93,NA,JLCPCB
,,,,
,,,,
,,,,
,,,,
,,,,
,,,,
,,,,
,,,,
,,,,
,,,,
,,,,
,,,,
,,,,
Total Price (GBP):,$20.59,,,